행정동명,저가카페_매장수,전체_카페수,저가카페_비율(%),감성커피,더벤티,더카페,디저트39,만랩커피,매머드커피,메가커피,바나프레소,벤티프레소,봄봄,빽다방,셀렉토,영커피,요거프레소,우지커피,이디야,쥬씨,카페게이트,카페인중독,커피베이,커피사피엔스,커피에반하다,컴포즈커피,텐퍼센트,토프레소,하삼동
항동,10,31.0,32.26,0,2,0,0,0,0,3,0,0,0,0,0,0,1,0,2,0,0,0,1,0,0,1,0,0,0
가산동,150,761.0,19.71,0,4,11,1,4,25,15,5,8,4,7,3,1,2,4,15,1,2,0,6,16,1,10,5,0,0
강일동,15,84.0,17.86,0,0,0,0,0,2,3,0,0,0,1,0,0,2,0,4,0,0,0,1,0,0,2,0,0,0
남가좌1동,16,100.0,16.0,0,1,0,1,0,0,2,0,0,1,1,1,0,1,0,4,0,0,0,1,1,0,2,0,0,0
월계2동,9,59.0,15.25,1,0,0,0,0,0,2,0,0,0,1,0,0,0,0,2,1,0,0,0,0,0,2,0,0,0
상계8동,6,42.0,14.29,0,1,0,0,0,0,1,0,0,0,0,0,0,0,0,2,1,0,0,0,0,0,1,0,0,0
구로3동,61,446.0,13.68,0,5,4,1,2,6,6,0,1,0,6,2,0,1,2,4,2,1,0,3,7,1,6,1,0,0
삼각산동,14,103.0,13.59,0,1,0,0,0,0,1,0,0,0,1,1,0,1,1,2,1,0,0,2,0,1,1,0,1,0
구로1동,9,67.0,13.43,0,0,0,0,0,0,2,0,0,0,1,0,0,1,0,2,0,0,0,0,0,0,1,0,2,0
위례동,15,114.0,13.16,1,0,0,1,0,0,3,0,0,0,1,0,0,1,0,3,0,0,0,0,0,1,3,1,0,0
신내1동,18,137.0,13.14,1,1,2,3,0,2,2,0,0,0,1,0,0,1,2,2,0,0,0,0,0,0,1,0,0,0
신길5동,6,46.0,13.04,0,0,0,0,0,0,2,0,0,0,0,1,0,0,0,1,0,0,0,0,0,0,1,0,1,0
고덕2동,17,134.0,12.69,1,1,0,1,0,2,4,1,0,0,2,0,0,0,0,1,0,0,0,0,3,0,1,0,0,0
쌍문4동,5,40.0,12.5,0,0,0,0,0,0,1,0,0,0,0,0,0,0,0,1,1,0,0,0,0,0,2,0,0,0
가양1동,83,673.0,12.33,3,5,0,1,2,12,7,2,2,0,4,3,0,1,3,7,2,3,0,4,9,1,7,4,0,1
돈암2동,5,41.0,12.2,0,0,0,0,0,0,1,1,0,0,1,0,0,1,0,1,0,0,0,0,0,0,0,0,0,0
창4동,14,115.0,12.17,0,2,0,0,0,1,1,0,0,0,1,1,0,1,1,4,0,0,0,0,0,0,1,1,0,0
방화3동,8,68.0,11.76,0,0,0,0,0,0,1,0,0,0,0,0,0,0,1,2,0,0,0,1,0,1,1,1,0,0
정릉1동,9,77.0,11.69,0,0,0,0,0,0,2,0,0,0,0,1,0,0,1,2,0,0,0,1,0,0,1,1,0,0
개봉2동,16,140.0,11.43,0,1,0,0,0,0,2,0,0,0,1,2,0,1,1,2,0,0,0,0,0,1,2,1,1,1
가양3동,4,36.0,11.11,0,0,0,0,0,0,1,0,0,0,0,0,0,0,0,0,0,0,0,1,0,1,1,0,0,0
염창동,25,227.0,11.01,0,0,0,1,1,3,5,0,0,1,1,0,0,0,0,3,0,1,1,3,2,0,2,0,1,0
상도4동,11,101.0,10.89,0,0,0,0,0,0,2,0,0,0,1,0,0,0,0,0,1,0,3,3,0,0,0,0,1,0
숭인1동,4,37.0,10.81,0,0,0,0,0,0,2,0,0,0,0,0,0,0,0,1,0,0,0,0,0,0,1,0,0,0
길음1동,15,139.0,10.79,0,0,0,1,0,0,3,1,0,0,3,0,0,0,1,2,0,0,0,2,0,1,1,0,0,0
신내2동,10,93.0,10.75,0,1,0,0,0,0,1,0,0,0,2,0,0,1,1,2,0,0,0,1,0,0,1,0,0,0
등촌2동,10,93.0,10.75,1,2,0,1,0,0,1,0,0,0,0,1,0,0,0,2,1,0,0,0,0,0,1,0,0,0
쌍문3동,10,93.0,10.75,0,1,0,1,0,1,2,0,0,0,2,0,0,0,1,2,0,0,0,0,0,0,0,0,0,0
응암3동,18,168.0,10.71,0,1,0,0,0,2,3,0,0,0,2,1,0,2,0,2,1,0,0,1,0,0,3,0,0,0
시흥2동,4,38.0,10.53,0,0,0,0,0,1,1,0,0,0,0,0,0,0,0,1,0,0,0,0,0,1,0,0,0,0
당산2동,34,329.0,10.33,0,0,2,1,2,2,7,0,0,0,1,0,0,2,0,3,1,0,2,3,1,1,4,0,2,0
화곡8동,14,137.0,10.22,0,0,0,0,0,1,1,0,0,0,1,0,0,1,1,1,1,0,0,1,0,0,2,0,3,1
신정7동,12,118.0,10.17,0,1,1,0,0,1,2,0,0,0,1,1,0,0,0,2,0,0,0,1,0,1,1,0,0,0
상계6·7동,22,220.0,10.0,0,2,3,0,0,1,3,0,0,0,3,0,0,1,2,4,0,0,0,0,0,1,1,0,1,0
아현동,23,232.0,9.91,0,2,0,1,0,5,3,0,0,0,1,0,1,2,0,2,0,1,0,1,2,1,0,1,0,0
하계1동,13,132.0,9.85,0,2,0,0,0,0,2,0,0,0,1,0,0,0,1,2,1,0,1,0,0,0,2,0,1,0
중계1동,10,103.0,9.71,0,0,0,0,0,0,3,1,0,0,1,0,0,0,0,2,1,0,0,0,0,0,2,0,0,0
신정3동,13,134.0,9.7,0,1,0,0,0,1,5,0,0,0,0,0,0,0,0,4,0,0,0,0,0,0,2,0,0,0
홍제2동,6,62.0,9.68,0,0,0,0,0,0,3,0,0,0,1,0,0,0,0,0,0,0,1,0,0,0,1,0,0,0
중계4동,11,114.0,9.65,0,2,0,1,0,0,2,0,0,0,2,0,0,1,0,1,0,0,0,0,0,0,1,0,1,0
답십리1동,16,166.0,9.64,0,0,0,0,0,2,4,1,0,0,0,0,0,0,0,4,0,1,0,0,0,0,4,0,0,0
오류2동,13,136.0,9.56,1,0,0,0,0,1,3,0,0,0,2,0,0,2,1,2,0,0,0,0,0,0,1,0,0,0
상계1동,18,190.0,9.47,0,2,0,0,0,1,5,0,0,0,1,0,0,1,1,2,1,0,0,2,0,1,1,0,0,0
창5동,17,181.0,9.39,0,1,0,0,1,2,3,0,0,0,1,0,0,2,1,2,0,0,1,0,0,1,2,0,0,0
신길6동,12,130.0,9.23,1,0,0,0,0,0,3,0,0,0,0,0,0,1,1,4,0,0,0,0,0,0,1,0,0,1
대방동,18,198.0,9.09,0,1,0,2,0,2,2,0,0,0,0,0,0,0,0,5,0,0,2,2,0,1,0,0,1,0
세곡동,13,145.0,8.97,0,1,0,0,0,1,3,0,0,0,0,0,0,0,0,4,0,0,0,0,1,0,2,0,1,0
발산1동,39,435.0,8.97,1,2,0,1,1,2,8,0,0,0,4,1,0,0,0,2,0,2,0,2,3,1,7,1,0,1
성산2동,15,168.0,8.93,1,0,0,0,0,1,3,0,0,0,0,1,0,1,0,1,1,0,0,1,0,0,3,1,0,1
상계3·4동,10,112.0,8.93,1,0,0,1,0,0,2,0,0,0,0,0,1,0,0,1,1,0,1,0,0,0,0,0,2,0
중계2·3동,15,170.0,8.82,0,0,2,0,0,0,3,0,0,0,1,0,1,2,0,2,1,0,0,2,0,0,1,0,0,0
수궁동,9,103.0,8.74,0,0,0,1,0,0,3,0,0,0,0,0,0,0,0,1,0,0,0,2,0,0,2,0,0,0
장위3동,6,69.0,8.7,0,0,0,0,0,0,2,0,0,0,2,0,0,0,0,2,0,0,0,0,0,0,0,0,0,0
난곡동,7,81.0,8.64,1,0,0,0,0,0,2,0,0,0,1,0,0,0,0,1,0,0,0,0,0,0,1,0,0,1
상암동,41,479.0,8.56,1,1,1,1,2,3,6,1,0,0,2,2,0,2,1,3,1,1,0,2,7,1,2,1,0,0
휘경1동,12,141.0,8.51,0,0,0,0,0,1,1,0,0,0,2,0,0,1,1,2,1,0,0,0,0,0,2,0,1,0
가양2동,4,47.0,8.51,0,0,0,0,0,0,1,0,0,0,1,0,0,1,0,0,0,0,0,0,0,0,1,0,0,0
천연동,10,118.0,8.47,0,1,0,1,0,2,1,0,0,0,1,0,0,0,0,3,1,0,0,0,0,0,0,0,0,0
행당1동,19,225.0,8.44,0,0,0,2,0,2,3,2,1,0,1,1,0,0,0,1,1,0,0,3,0,0,2,0,0,0
신사1동,11,132.0,8.33,0,0,0,0,0,0,4,0,0,0,1,0,0,1,0,2,0,0,1,0,0,0,2,0,0,0
도봉1동,13,156.0,8.33,1,1,0,0,0,0,3,0,0,0,2,0,0,0,0,3,2,0,0,0,0,0,1,0,0,0
등촌3동,22,265.0,8.3,0,1,2,0,0,1,3,0,0,0,1,1,0,2,0,4,0,0,0,0,2,1,3,0,1,0
정릉2동,6,73.0,8.22,0,1,0,0,0,0,2,0,0,0,1,0,0,0,0,1,0,0,0,0,0,0,1,0,0,0
수서동,10,122.0,8.2,0,0,0,0,1,3,2,1,0,0,0,0,0,0,0,1,1,0,0,0,0,0,1,0,0,0
시흥1동,28,347.0,8.07,0,0,1,1,0,2,5,0,0,0,2,0,1,1,0,2,2,0,0,2,0,2,4,1,1,1
양평1동,19,236.0,8.05,0,0,0,0,1,1,3,1,0,0,1,1,0,0,0,3,0,0,0,2,5,0,1,0,0,0
녹번동,15,189.0,7.94,0,1,1,0,0,2,2,0,0,0,1,0,0,0,0,3,0,0,1,0,0,1,1,1,1,0
불광1동,15,189.0,7.94,0,0,0,0,0,0,4,0,0,0,1,0,0,0,1,3,0,1,0,3,0,0,2,0,0,0
문정2동,45,570.0,7.89,2,3,3,2,1,2,5,1,1,1,2,0,0,0,2,8,0,1,0,3,3,1,2,2,0,0
신월3동,7,89.0,7.87,0,1,0,0,0,1,3,0,0,0,0,0,0,1,0,0,0,0,0,0,0,0,1,0,0,0
개봉1동,14,180.0,7.78,1,0,0,0,0,0,4,0,0,0,1,1,0,1,0,1,1,0,1,0,0,0,3,0,0,0
상봉1동,9,116.0,7.76,0,0,0,1,0,0,1,0,0,0,0,0,0,0,0,4,0,0,0,0,0,0,1,2,0,0
양평2동,21,271.0,7.75,1,0,0,1,1,7,3,0,0,0,2,0,0,1,1,0,1,0,0,1,1,0,1,0,0,0
방이2동,26,338.0,7.69,0,1,0,0,0,3,5,0,0,0,4,1,1,0,1,4,1,0,1,1,0,0,2,0,1,0
대림2동,9,117.0,7.69,0,0,0,0,0,1,2,0,0,0,1,0,0,0,0,0,2,1,1,0,0,0,1,0,0,0
신길7동,7,91.0,7.69,0,0,0,0,0,1,2,0,0,0,0,0,0,1,0,1,0,0,0,1,0,0,0,0,0,1
증산동,6,78.0,7.69,0,0,0,0,0,0,1,0,0,0,0,0,0,1,0,2,0,0,0,0,0,0,1,0,1,0
상도1동,19,247.0,7.69,0,0,0,0,0,4,2,0,0,1,1,0,0,2,0,3,1,0,0,2,0,0,3,0,0,0
사당5동,5,65.0,7.69,1,0,0,0,0,0,1,0,0,0,0,0,0,0,0,1,0,0,0,0,0,0,1,0,1,0
인헌동,11,144.0,7.64,2,0,0,0,0,1,1,0,0,0,1,0,0,0,0,2,1,0,2,0,0,0,1,0,0,0
남현동,11,145.0,7.59,1,0,0,0,0,1,2,0,0,0,1,1,0,0,0,2,1,0,0,0,0,0,0,1,1,0
창2동,8,106.0,7.55,0,0,0,0,0,0,2,0,0,1,0,0,0,0,0,2,0,0,0,1,0,0,2,0,0,0
번3동,4,53.0,7.55,0,0,0,0,0,0,1,0,0,0,0,0,0,1,0,1,0,0,0,0,0,0,1,0,0,0
마천1동,6,80.0,7.5,0,1,0,0,0,1,1,0,0,0,0,1,0,0,0,0,0,0,0,1,0,0,0,1,0,0
방화1동,26,347.0,7.49,0,0,0,2,0,2,6,0,0,0,1,1,1,1,0,3,1,0,0,2,1,0,2,3,0,0
이문1동,19,255.0,7.45,0,1,1,1,0,2,3,0,0,0,2,0,0,1,1,2,1,0,0,1,0,0,2,0,1,0
문래동,31,418.0,7.42,1,1,0,0,1,3,6,0,0,0,1,0,0,1,1,5,2,0,0,2,3,0,3,1,0,0
자양2동,11,150.0,7.33,0,0,0,0,0,0,5,0,0,0,2,0,0,0,1,3,0,0,0,0,0,0,0,0,0,0
대치4동,45,614.0,7.33,0,1,1,3,1,5,6,0,3,2,3,0,0,1,1,7,1,1,0,1,0,1,5,1,1,0
대조동,21,287.0,7.32,1,1,5,0,0,0,3,0,1,0,0,0,0,1,0,4,0,0,0,1,0,0,3,0,1,0
방학1동,22,302.0,7.28,0,1,0,0,0,1,3,0,0,0,2,1,0,1,0,4,1,1,0,2,0,1,2,1,1,0
은천동,12,165.0,7.27,0,0,0,0,0,1,3,0,0,0,1,0,0,0,0,2,0,0,0,2,0,1,2,0,0,0
망우본동,23,317.0,7.26,1,1,1,1,0,1,7,0,0,0,1,0,0,1,0,6,0,0,0,1,0,1,1,0,0,0
진관동,19,263.0,7.22,1,1,0,2,0,0,3,0,0,0,3,0,0,2,0,2,0,0,0,2,0,1,2,0,0,0
월계1동,13,181.0,7.18,0,0,0,0,0,1,3,0,0,0,2,1,0,1,0,3,1,0,0,0,0,0,1,0,0,0
종로5.6가동,1,14.0,7.14,0,0,0,0,0,0,0,0,0,0,0,0,0,0,0,1,0,0,0,0,0,0,0,0,0,0
갈현1동,12,168.0,7.14,0,1,0,0,0,0,2,0,0,0,1,0,0,0,0,4,0,0,0,0,1,1,2,0,0,0
잠실4동,4,56.0,7.14,0,1,0,0,0,1,2,0,0,0,0,0,0,0,0,0,0,0,0,0,0,0,0,0,0,0
공릉2동,21,296.0,7.09,0,2,0,1,0,2,3,0,0,0,1,0,0,1,0,6,0,0,0,2,0,0,3,0,0,0
길동,31,437.0,7.09,1,1,1,1,0,2,6,1,1,0,1,1,0,2,1,4,1,0,1,4,0,0,1,0,1,0
시흥5동,8,113.0,7.08,1,0,0,0,0,0,1,0,0,0,0,0,0,0,0,2,1,0,0,1,0,0,1,0,1,0
신월6동,6,85.0,7.06,0,0,0,0,0,0,2,0,0,0,0,0,0,0,0,2,1,0,0,0,0,0,1,0,0,0
목5동,14,199.0,7.04,0,0,0,0,0,2,4,0,0,1,1,0,0,3,0,1,0,1,0,0,0,0,1,0,0,0
등촌1동,16,229.0,6.99,0,1,0,0,0,3,3,0,0,0,0,0,0,1,0,3,2,0,0,0,1,0,2,0,0,0
월곡1동,10,143.0,6.99,0,1,0,0,0,0,3,0,0,0,1,0,0,1,0,1,0,0,0,0,0,1,0,1,1,0
묵1동,12,173.0,6.94,0,0,0,0,1,2,2,0,0,0,1,0,0,0,0,4,1,0,0,1,0,0,0,0,0,0
면목3·8동,15,216.0,6.94,1,1,0,0,0,3,4,0,0,0,1,0,0,0,1,3,0,0,0,0,0,0,1,0,0,0
고척1동,17,245.0,6.94,0,0,2,1,0,0,3,0,0,0,1,0,0,1,1,3,0,0,0,1,0,0,3,0,1,0
상봉2동,19,274.0,6.93,1,0,1,0,0,2,2,0,0,0,3,0,0,1,0,3,2,0,1,0,0,1,2,0,0,0
우장산동,13,188.0,6.91,0,0,0,1,0,0,1,0,0,0,0,0,0,0,0,3,0,0,0,2,0,1,5,0,0,0
거여2동,9,131.0,6.87,0,1,0,1,0,1,3,0,0,0,1,0,0,1,0,0,0,0,0,0,0,0,1,0,0,0
독산1동,22,321.0,6.85,1,0,2,2,0,2,3,0,0,0,2,0,1,2,1,1,0,1,0,1,0,1,1,1,0,0
군자동,18,264.0,6.82,0,1,0,2,0,1,2,1,0,0,2,0,0,1,1,2,0,0,0,1,0,0,3,1,0,0
응암1동,17,250.0,6.8,1,1,0,1,0,0,4,0,0,0,1,0,0,1,0,1,1,0,0,0,1,1,2,0,2,0
신월5동,7,103.0,6.8,0,0,0,0,0,0,2,0,0,0,0,2,0,0,0,2,0,0,0,0,0,0,1,0,0,0
장안2동,20,299.0,6.69,1,0,1,0,0,0,5,0,0,0,1,0,0,3,1,3,0,1,0,1,0,0,2,0,1,0
안암동,20,302.0,6.62,0,1,1,0,0,0,1,1,0,0,1,1,0,1,1,6,0,1,0,0,0,1,3,0,0,1
정릉3동,6,91.0,6.59,0,0,0,0,0,1,1,0,0,0,0,0,0,1,1,1,0,0,0,1,0,0,0,0,0,0
방이1동,12,183.0,6.56,1,0,0,0,0,1,1,0,0,0,1,1,0,1,0,3,0,0,0,1,0,0,1,1,0,0
일원2동,4,61.0,6.56,0,1,0,0,0,0,0,0,0,0,0,0,0,0,0,1,0,0,0,0,0,0,2,0,0,0
구의3동,16,244.0,6.56,0,1,1,1,1,0,2,0,0,0,3,0,0,1,0,3,0,0,0,1,0,1,0,0,1,0
석관동,14,214.0,6.54,0,0,0,0,0,0,4,0,0,0,0,1,0,1,0,3,0,0,0,1,0,1,1,0,2,0
홍은1동,6,92.0,6.52,0,0,0,0,0,0,2,0,0,0,0,1,0,0,0,2,0,0,0,0,0,0,1,0,0,0
상계9동,3,46.0,6.52,0,0,0,1,0,0,0,0,0,0,1,0,0,0,0,0,0,0,0,0,0,0,1,0,0,0
월곡2동,12,185.0,6.49,0,0,0,0,1,0,3,0,0,0,0,0,0,2,0,3,1,0,0,1,0,0,1,0,0,0
신월7동,7,108.0,6.48,0,0,0,0,0,0,2,0,0,0,0,0,0,0,0,1,1,0,0,0,0,2,1,0,0,0
쌍문2동,9,140.0,6.43,0,0,0,0,0,0,2,0,0,0,2,1,0,0,0,2,0,0,0,0,0,0,0,0,2,0
면목4동,7,109.0,6.42,0,0,0,0,0,0,2,0,0,0,1,0,0,0,0,3,0,0,0,0,0,0,1,0,0,0
도림동,7,109.0,6.42,0,0,0,0,0,0,2,0,0,0,0,0,0,1,0,1,0,1,1,1,0,0,0,0,0,0
성수1가1동,11,174.0,6.32,0,0,1,0,0,3,5,0,0,0,0,0,0,1,0,1,0,0,0,0,0,0,0,0,0,0
보라매동,13,207.0,6.28,0,0,0,1,0,1,3,0,0,0,1,0,0,0,0,3,1,0,0,1,0,1,1,0,0,0
왕십리도선동,17,271.0,6.27,0,0,1,0,0,0,3,0,0,0,3,0,0,1,0,2,0,0,1,1,0,0,3,1,1,0
목2동,10,160.0,6.25,0,0,2,0,0,1,2,0,0,0,1,0,0,1,0,0,0,0,0,1,0,0,2,0,0,0
동화동,4,64.0,6.25,0,0,0,0,0,0,1,0,0,0,0,2,0,0,0,0,0,0,0,0,0,0,0,0,1,0
필동,21,336.0,6.25,0,1,0,0,2,2,4,2,0,0,0,0,0,0,0,6,1,0,0,0,0,0,2,1,0,0
구로5동,19,305.0,6.23,0,0,0,1,0,2,3,0,0,0,1,0,0,0,0,5,1,0,1,1,0,0,3,0,0,1
대학동,21,342.0,6.14,0,2,1,2,0,1,3,0,0,0,1,0,0,1,0,4,1,0,0,1,0,1,3,0,0,0
장지동,8,131.0,6.11,0,0,0,0,0,0,3,0,0,0,0,0,0,1,2,0,0,0,0,1,0,0,1,0,0,0
중곡2동,10,164.0,6.1,0,1,0,0,1,0,1,0,0,0,2,0,0,0,0,2,0,0,1,1,0,0,1,0,0,0
오류1동,10,164.0,6.1,0,1,0,0,0,0,1,0,0,0,1,1,0,0,0,1,0,0,0,1,0,0,2,0,2,0
구의1동,17,280.0,6.07,0,1,0,2,0,1,2,0,0,0,0,0,1,0,0,2,1,0,2,2,0,1,1,0,1,0
중계본동,10,165.0,6.06,1,1,1,0,0,0,2,0,0,0,1,0,0,0,1,2,0,0,0,0,0,0,0,0,1,0
잠실본동,27,447.0,6.04,0,0,0,2,0,1,5,0,0,3,2,0,0,0,1,3,0,0,1,2,0,2,2,2,1,0
역삼2동,34,563.0,6.04,0,1,1,0,1,8,6,2,0,0,0,1,0,0,1,7,0,0,0,2,0,0,3,1,0,0
화곡본동,7,116.0,6.03,0,0,0,0,0,0,2,0,0,0,1,0,0,0,0,2,0,0,2,0,0,0,0,0,0,0
숭인2동,8,133.0,6.02,0,0,0,0,0,1,1,0,0,0,1,0,0,0,0,3,1,0,0,1,0,0,0,0,0,0
양재1동,30,499.0,6.01,0,0,0,0,0,5,4,1,0,0,0,1,0,2,0,8,3,0,0,1,0,0,1,0,4,0
방학3동,3,50.0,6.0,0,0,0,0,0,0,1,0,0,0,0,0,0,0,0,1,0,0,0,0,0,0,1,0,0,0
중앙동,8,134.0,5.97,0,1,0,0,0,0,1,0,0,0,1,1,0,0,0,1,1,0,0,0,0,0,2,0,0,0
신림동,20,335.0,5.97,0,1,2,0,1,1,5,1,0,0,0,0,0,1,1,1,0,1,1,1,0,0,1,1,1,0
신월4동,5,85.0,5.88,0,0,0,0,0,0,1,0,0,0,0,0,0,0,0,1,0,1,0,1,0,0,1,0,0,0
수색동,4,68.0,5.88,0,0,0,0,0,0,2,0,0,0,0,0,0,0,0,1,0,0,0,0,0,0,1,0,0,0
수유2동,7,119.0,5.88,1,0,0,0,0,0,2,0,0,0,0,0,0,0,0,0,0,0,0,2,0,1,1,0,0,0
남가좌2동,16,273.0,5.86,0,1,1,0,0,1,2,0,0,0,0,1,0,2,0,3,0,0,0,0,2,0,2,0,0,1
신길1동,9,154.0,5.84,0,0,0,0,0,0,3,0,0,0,0,0,0,1,0,2,0,0,0,1,0,1,0,0,0,1
청룡동,22,377.0,5.84,0,1,0,0,0,2,4,0,0,0,0,0,0,1,1,3,2,0,0,3,0,1,3,0,0,1
교남동,6,103.0,5.83,0,0,0,1,0,1,1,0,0,0,1,0,0,0,0,0,0,0,0,1,0,0,1,0,0,0
쌍문1동,7,121.0,5.79,0,1,0,0,0,0,2,0,0,0,0,0,0,0,0,2,0,0,0,1,0,0,1,0,0,0
신도림동,19,328.0,5.79,1,1,0,1,0,1,4,0,0,0,1,0,0,2,0,2,0,0,0,2,1,0,3,0,0,0
삼양동,6,104.0,5.77,0,0,0,0,0,0,2,0,0,0,1,0,0,0,0,0,1,0,0,2,0,0,0,0,0,0
미성동,9,156.0,5.77,0,0,0,0,0,0,2,0,0,0,1,0,0,0,0,3,1,0,0,1,0,0,1,0,0,0
원효로1동,10,174.0,5.75,0,0,1,0,1,1,2,0,0,0,2,0,0,1,0,2,0,0,0,0,0,0,0,0,0,0
장안1동,18,313.0,5.75,0,2,2,0,0,0,3,0,0,0,1,1,0,0,0,4,0,0,0,1,0,1,2,0,1,0
도화동,14,244.0,5.74,0,0,0,0,0,2,2,1,0,0,1,0,0,1,0,4,0,0,0,1,0,0,0,0,1,1
독산2동,6,105.0,5.71,0,0,0,0,0,0,1,0,0,0,1,0,0,0,0,1,0,0,1,0,0,1,1,0,0,0
정릉4동,6,106.0,5.66,0,0,0,0,0,0,1,0,0,0,1,1,0,0,0,0,0,0,0,1,0,0,1,0,1,0
신대방1동,7,125.0,5.6,0,0,0,0,0,0,2,0,0,0,1,0,0,0,0,1,0,1,0,0,0,0,2,0,0,0
서원동,13,232.0,5.6,0,1,0,1,0,0,2,0,0,0,3,0,1,0,0,4,0,0,0,0,0,0,1,0,0,0
당산1동,22,394.0,5.58,0,0,2,1,1,1,5,0,0,0,1,0,1,0,1,3,1,0,0,1,2,0,2,0,0,0
대흥동,17,305.0,5.57,0,1,0,0,0,1,3,0,0,1,1,0,0,0,1,3,0,0,1,2,0,1,2,0,0,0
금호2·3가동,9,162.0,5.56,0,0,0,0,0,0,2,0,0,0,0,0,0,0,0,2,0,0,0,3,0,0,2,0,0,0
종암동,10,180.0,5.56,0,1,0,0,0,0,2,0,0,0,1,1,0,1,0,1,1,0,0,1,0,0,0,0,1,0
화곡6동,12,216.0,5.56,0,0,1,0,0,2,2,0,0,0,1,0,0,1,0,2,0,0,0,0,0,0,3,0,0,0
암사2동,6,108.0,5.56,1,0,0,0,0,0,1,0,0,0,0,0,0,1,0,0,0,0,0,2,0,1,0,0,0,0
상계10동,3,54.0,5.56,0,0,0,0,0,0,1,0,0,0,0,0,0,0,0,0,0,0,0,0,0,1,1,0,0,0
용신동,25,455.0,5.49,0,0,0,0,0,2,5,1,0,0,2,1,0,1,0,6,1,0,0,1,0,0,4,0,1,0
성수1가2동,19,348.0,5.46,0,0,0,0,0,3,3,0,0,1,2,1,0,0,0,1,2,0,0,1,4,0,1,0,0,0
중화2동,10,183.0,5.46,1,0,0,0,0,0,2,0,0,0,1,0,0,1,1,1,0,0,0,1,0,0,2,0,0,0
용문동,3,55.0,5.45,0,0,2,0,0,0,0,0,0,0,0,0,0,0,0,0,0,0,0,0,0,0,1,0,0,0
천호1동,9,166.0,5.42,0,0,0,0,0,0,2,0,0,0,0,0,0,1,0,2,1,0,0,0,0,0,2,1,0,0
사당3동,6,111.0,5.41,0,0,0,0,0,0,1,0,0,0,0,0,1,0,0,1,0,0,0,1,0,0,2,0,0,0
용강동,15,278.0,5.4,0,1,1,0,1,2,2,0,0,0,1,1,0,0,0,2,0,0,0,1,2,0,1,0,0,0
공릉1동,20,372.0,5.38,0,0,1,0,0,1,6,0,0,0,2,0,0,2,1,2,1,0,0,0,0,0,2,2,0,0
종로5·6가동,18,335.0,5.37,0,1,0,0,0,2,4,0,0,0,1,0,0,0,0,3,1,0,0,2,0,0,2,1,1,0
목4동,12,224.0,5.36,0,1,0,0,0,0,2,0,0,0,0,0,0,1,0,2,2,0,0,0,0,0,2,0,2,0
약수동,5,95.0,5.26,0,0,0,0,0,0,1,0,0,0,1,0,0,0,0,1,0,0,0,1,0,0,1,0,0,0
명일2동,11,209.0,5.26,1,1,0,2,0,1,2,0,0,0,0,0,0,0,0,1,0,0,0,0,0,0,2,1,0,0
서림동,6,114.0,5.26,0,0,0,0,0,0,3,0,0,0,0,0,0,0,0,1,0,0,0,0,0,1,1,0,0,0
마천2동,6,115.0,5.22,0,0,0,0,0,0,2,0,0,0,0,0,0,0,0,0,0,0,0,1,0,0,1,2,0,0
신정1동,10,192.0,5.21,0,0,0,0,0,0,1,0,0,0,1,0,0,3,0,1,0,1,0,1,0,0,1,1,0,0
상일동,8,154.0,5.19,0,1,0,0,0,1,2,0,0,0,0,0,0,1,0,0,0,0,0,0,0,1,2,0,0,0
시흥4동,3,58.0,5.17,0,0,0,0,0,0,0,0,0,0,0,0,0,0,0,1,1,0,0,0,0,0,1,0,0,0
행당2동,3,58.0,5.17,0,0,0,0,0,0,1,0,0,0,0,0,0,0,0,1,0,0,0,0,0,1,0,0,0,0
암사3동,3,58.0,5.17,0,0,0,0,0,0,2,0,0,0,0,0,0,0,0,0,0,0,0,1,0,0,0,0,0,0
능동,6,116.0,5.17,1,0,0,0,0,0,1,1,0,0,0,0,0,1,0,1,0,0,0,0,0,1,0,0,0,0
명일1동,15,290.0,5.17,0,0,0,1,0,0,5,0,0,0,2,0,0,2,1,2,0,0,0,0,0,0,1,1,0,0
성수2가3동,22,426.0,5.16,0,0,2,0,0,3,4,1,0,0,2,0,0,1,0,3,0,0,0,2,1,0,3,0,0,0
화곡3동,8,155.0,5.16,0,1,0,1,0,0,1,0,0,0,2,0,0,1,0,2,0,0,0,0,0,0,0,0,0,0
이문2동,4,78.0,5.13,0,0,0,0,0,0,1,0,0,1,1,0,0,0,0,1,0,0,0,0,0,0,0,0,0,0
송중동,15,294.0,5.1,0,1,1,1,0,1,3,0,0,0,0,0,0,0,0,2,0,0,2,2,0,0,1,0,0,1
면목7동,7,138.0,5.07,0,0,0,0,0,1,2,0,0,0,0,0,0,1,0,0,0,0,0,1,0,0,2,0,0,0
화곡4동,9,178.0,5.06,0,1,0,0,0,0,1,0,0,0,0,1,0,0,0,2,0,0,0,2,0,0,2,0,0,0
성내1동,15,297.0,5.05,0,0,0,1,1,1,3,0,0,0,1,1,2,0,0,3,0,0,0,1,0,0,1,0,0,0
천호3동,10,198.0,5.05,0,0,1,0,1,1,0,0,0,0,1,1,0,0,0,2,2,0,0,1,0,0,0,0,0,0
서초4동,22,437.0,5.03,0,0,1,0,1,3,4,2,1,0,1,0,1,1,0,3,0,0,0,0,1,0,1,1,1,0
자양3동,13,259.0,5.02,0,0,1,1,0,0,4,0,0,0,3,0,0,0,0,2,0,0,0,0,0,0,2,0,0,0
석촌동,21,418.0,5.02,0,2,0,2,0,0,4,0,0,0,3,1,0,0,0,4,0,1,0,1,0,0,3,0,0,0
삼전동,13,260.0,5.0,0,0,0,0,0,1,3,0,0,0,2,0,0,1,0,2,0,0,0,0,0,0,3,0,0,1
방배1동,13,260.0,5.0,0,0,0,0,0,1,3,1,0,0,0,0,0,2,0,2,1,0,0,1,0,0,2,0,0,0
응봉동,1,20.0,5.0,0,0,0,0,0,0,1,0,0,0,0,0,0,0,0,0,0,0,0,0,0,0,0,0,0,0
고척2동,6,120.0,5.0,0,1,0,0,0,0,1,0,0,0,0,0,0,0,1,1,0,0,0,0,0,0,0,1,1,0
역촌동,13,260.0,5.0,0,0,0,0,0,0,4,0,0,0,1,0,0,0,0,3,1,0,0,2,0,0,2,0,0,0
전농1동,19,382.0,4.97,0,1,0,0,0,1,4,0,0,0,1,2,1,1,0,2,0,1,1,1,0,1,1,0,1,0
서초1동,23,463.0,4.97,0,2,0,1,1,3,8,0,0,0,0,0,0,1,0,3,0,0,1,0,0,0,3,0,0,0
영등포동,47,945.0,4.97,0,1,1,0,0,10,8,0,2,0,3,1,0,1,0,11,2,0,0,2,1,1,1,1,1,0
상도2동,13,262.0,4.96,0,0,0,0,0,1,3,0,0,0,2,1,0,0,0,3,0,0,0,2,0,0,1,0,0,0
창3동,4,81.0,4.94,0,0,0,0,0,0,2,0,0,0,0,0,0,1,0,0,1,0,0,0,0,0,0,0,0,0
상계5동,7,142.0,4.93,0,0,0,0,0,0,2,0,0,0,1,0,0,0,0,2,1,0,0,0,0,0,1,0,0,0
노량진2동,8,163.0,4.91,0,0,0,0,0,2,1,0,0,0,1,0,0,0,0,1,0,0,0,1,0,0,2,0,0,0
서초2동,25,511.0,4.89,0,0,1,0,1,5,5,0,0,0,1,0,2,0,0,5,2,0,0,0,0,0,0,2,1,0
고덕1동,4,82.0,4.88,0,0,0,0,0,1,1,0,0,0,0,0,0,0,0,1,0,0,0,1,0,0,0,0,0,0
사근동,10,206.0,4.85,0,0,0,1,0,1,2,0,0,0,1,0,0,0,0,2,1,0,0,1,0,0,1,0,0,0
면목2동,8,165.0,4.85,0,0,1,0,0,0,2,0,0,0,0,0,0,0,0,2,0,0,0,2,0,0,1,0,0,0
독산4동,4,83.0,4.82,0,0,0,0,0,0,1,0,0,0,0,0,0,0,0,1,1,0,0,0,0,0,1,0,0,0
암사1동,11,228.0,4.82,0,0,0,0,0,2,1,0,0,0,0,0,0,1,0,4,1,0,0,0,0,0,1,0,1,0
신당5동,4,83.0,4.82,0,1,0,0,0,0,1,0,0,0,0,0,0,1,0,0,0,0,0,0,0,0,1,0,0,0
수유3동,18,375.0,4.8,1,0,0,1,0,0,4,0,0,0,1,0,0,1,1,3,1,0,2,1,0,1,1,0,0,0
가락본동,18,375.0,4.8,1,2,1,0,1,2,4,0,0,0,1,0,0,0,1,2,0,0,0,0,0,0,1,2,0,0
흑석동,13,271.0,4.8,0,1,1,1,0,1,1,0,0,0,0,0,0,1,0,2,0,0,0,2,0,0,1,1,1,0
여의동,68,1426.0,4.77,1,2,5,1,1,15,8,2,1,0,5,0,0,0,1,11,3,0,0,1,3,0,6,2,0,0
무악동,2,42.0,4.76,0,0,0,0,0,0,0,0,0,0,0,0,0,0,0,1,0,0,0,0,0,0,1,0,0,0
목3동,9,190.0,4.74,0,2,0,0,0,1,2,0,0,0,1,0,0,0,0,2,0,0,0,0,0,0,1,0,0,0
북가좌2동,10,211.0,4.74,0,1,0,0,0,0,2,0,0,0,1,0,0,0,1,1,1,0,0,1,0,0,2,0,0,0
장위1동,5,106.0,4.72,0,0,0,0,0,0,2,0,0,0,0,0,0,0,0,2,0,0,0,0,0,0,1,0,0,0
면목본동,14,298.0,4.7,0,2,0,0,0,1,2,0,0,0,0,0,0,3,1,2,0,0,0,1,0,0,1,0,1,0
망원2동,10,213.0,4.69,0,0,0,0,0,0,3,0,0,0,1,0,0,0,0,1,0,0,3,1,0,0,1,0,0,0
송천동,13,278.0,4.68,1,1,0,0,0,0,2,0,0,0,0,1,0,0,0,3,1,0,0,3,0,0,1,0,0,0
북아현동,5,107.0,4.67,0,0,0,0,0,0,1,0,0,0,0,0,0,1,0,2,0,0,0,0,0,0,1,0,0,0
남영동,14,300.0,4.67,0,0,0,0,0,3,3,0,0,0,3,0,0,0,0,0,1,0,0,2,0,0,2,0,0,0
서초3동,41,879.0,4.66,0,0,1,0,2,8,8,1,0,0,2,0,1,4,0,8,1,0,0,0,0,1,2,2,0,0
둔촌2동,12,258.0,4.65,0,0,0,0,0,2,4,0,0,0,0,0,0,0,1,2,1,0,0,0,0,0,2,0,0,0
전농2동,4,86.0,4.65,0,0,0,0,0,1,0,0,0,0,1,0,0,1,0,1,0,0,0,0,0,0,0,0,0,0
이화동,12,258.0,4.65,0,0,1,0,0,0,4,0,0,0,1,0,0,0,1,3,0,0,0,1,0,0,1,0,0,0
개봉3동,5,108.0,4.63,0,0,0,0,0,0,1,0,0,0,0,0,0,1,1,1,0,0,0,0,0,0,1,0,0,0
신정6동,4,87.0,4.6,0,0,0,0,0,0,1,0,0,0,1,1,0,0,0,0,0,1,0,0,0,0,0,0,0,0
공항동,11,239.0,4.6,0,1,2,0,0,0,3,0,0,0,1,0,0,1,0,1,0,0,0,0,1,1,0,0,0,0
목1동,31,679.0,4.57,0,4,2,0,0,3,6,1,0,0,2,0,0,0,0,5,1,0,0,1,0,1,2,1,2,0
송파2동,8,176.0,4.55,0,2,0,0,0,0,1,0,0,0,1,0,0,1,0,0,0,0,0,2,0,0,1,0,0,0
원효로2동,4,88.0,4.55,0,0,0,0,0,1,1,0,0,0,0,0,0,0,0,1,0,0,0,0,0,0,1,0,0,0
노량진1동,17,374.0,4.55,0,1,1,0,0,0,5,0,0,0,1,0,0,1,0,6,0,0,0,1,0,0,1,0,0,0
중곡3동,8,176.0,4.55,0,0,0,0,0,2,2,0,0,0,0,0,0,0,0,2,0,0,0,1,0,0,1,0,0,0
개포2동,6,134.0,4.48,0,0,0,0,0,0,3,0,0,0,0,0,0,0,0,1,1,0,0,0,0,0,1,0,0,0
영등포본동,10,224.0,4.46,0,0,0,0,0,0,2,0,0,2,0,0,0,0,0,2,2,0,0,2,0,0,0,0,0,0
묵2동,6,135.0,4.44,0,0,0,0,0,0,2,0,0,0,1,0,0,0,1,1,0,0,0,0,0,0,1,0,0,0
난향동,2,45.0,4.44,0,0,0,0,0,0,1,0,0,0,0,0,0,0,0,1,0,0,0,0,0,0,0,0,0,0
우이동,7,158.0,4.43,0,0,0,1,0,0,2,0,0,0,0,0,0,0,0,3,0,0,0,1,0,0,0,0,0,0
응암2동,3,68.0,4.41,0,0,0,0,2,0,0,0,0,0,0,0,0,0,0,1,0,0,0,0,0,0,0,0,0,0
신정2동,7,159.0,4.4,0,0,0,0,0,1,2,0,0,0,0,0,0,1,0,1,0,0,0,0,0,0,1,0,1,0
구로2동,15,342.0,4.39,0,0,1,0,0,2,2,0,0,0,1,0,0,0,1,3,0,0,0,3,0,0,1,0,1,0
도곡2동,14,320.0,4.38,0,0,1,0,0,2,2,0,0,0,0,0,0,1,0,3,0,0,0,2,0,0,1,0,1,1
성내2동,13,300.0,4.33,0,1,0,1,0,1,2,0,0,0,0,1,0,1,0,1,0,0,1,0,1,1,1,1,0,0
구산동,5,116.0,4.31,0,0,0,0,0,0,2,0,0,0,1,0,0,0,0,1,0,0,0,0,0,0,1,0,0,0
자양1동,8,186.0,4.3,0,0,0,0,0,1,1,0,0,0,1,0,0,0,0,2,0,0,0,1,0,0,2,0,0,0
성산1동,9,210.0,4.29,0,0,0,1,0,1,3,0,0,0,1,1,0,0,0,2,0,0,0,0,0,0,0,0,0,0
신당동,14,327.0,4.28,0,0,0,0,1,2,2,0,0,0,0,0,0,0,0,4,0,0,0,2,0,0,3,0,0,0
가락1동,4,94.0,4.26,0,0,0,0,0,1,2,0,0,0,0,0,0,0,0,0,0,0,0,1,0,0,0,0,0,0
미아동,12,282.0,4.26,0,0,2,0,0,1,2,0,0,0,2,0,0,0,1,1,0,0,0,1,0,0,2,0,0,0
대림1동,5,118.0,4.24,0,0,1,0,0,0,1,0,0,0,0,1,0,0,0,1,0,0,0,0,0,0,1,0,0,0
동선동,19,450.0,4.22,2,2,0,1,0,2,4,0,0,0,1,0,0,0,0,2,0,0,1,2,0,0,2,0,0,0
논현2동,36,857.0,4.2,0,1,0,1,0,5,5,1,0,0,1,0,0,0,0,13,2,0,0,2,0,0,3,1,1,0
황학동,7,167.0,4.19,0,0,0,0,0,2,2,0,0,0,1,0,0,0,0,1,0,0,0,0,0,0,1,0,0,0
한강로동,30,721.0,4.16,1,1,0,1,0,6,5,0,0,0,4,0,0,1,0,5,1,0,0,1,0,0,3,1,0,0
낙성대동,9,219.0,4.11,0,0,0,1,0,0,1,1,0,1,0,0,0,0,0,2,1,0,0,0,0,0,1,0,1,0
천호2동,27,660.0,4.09,1,2,3,0,0,0,7,0,0,0,1,0,0,0,1,4,0,0,0,3,0,0,4,1,0,0
신원동,4,98.0,4.08,0,0,0,0,0,0,2,0,0,0,0,0,0,0,0,1,0,0,0,1,0,0,0,0,0,0
잠실2동,6,148.0,4.05,0,0,0,0,0,2,0,0,0,1,1,0,0,1,0,1,0,0,0,0,0,0,0,0,0,0
용답동,7,173.0,4.05,0,0,0,0,0,1,2,1,0,0,1,0,0,1,0,0,1,0,0,0,0,0,0,0,0,0
내곡동,4,99.0,4.04,0,0,0,0,0,1,0,0,0,0,1,0,0,0,0,1,0,0,0,1,0,0,0,0,0,0
성내3동,15,372.0,4.03,0,2,1,0,0,0,1,0,0,0,2,0,0,1,0,2,1,0,0,2,0,0,2,1,0,0
홍제3동,5,125.0,4.0,0,1,1,1,0,0,0,0,0,0,0,0,0,0,0,1,0,0,0,0,0,0,1,0,0,0
혜화동,16,401.0,3.99,0,0,0,1,0,2,5,1,0,0,1,0,0,2,0,2,0,0,0,0,0,0,2,0,0,0
공덕동,12,302.0,3.97,0,0,0,0,0,1,3,0,0,0,0,0,0,0,0,3,1,0,0,0,0,0,2,0,2,0
상계2동,18,454.0,3.96,1,2,1,2,0,1,3,0,0,0,2,0,0,1,1,2,1,1,0,0,0,0,0,0,0,0
방화2동,11,278.0,3.96,0,2,0,0,0,0,2,0,0,0,0,0,0,0,0,5,0,0,0,1,0,0,1,0,0,0
대림3동,7,178.0,3.93,0,0,0,0,0,0,2,0,0,0,0,0,0,0,0,2,1,0,0,1,0,0,0,0,1,0
신대방2동,9,229.0,3.93,0,0,0,0,0,3,2,0,0,0,0,1,0,0,0,2,0,0,0,0,0,0,1,0,0,0
휘경2동,4,102.0,3.92,0,0,0,0,0,0,2,0,0,0,0,0,0,2,0,0,0,0,0,0,0,0,0,0,0,0
청파동,12,306.0,3.92,0,1,1,0,0,2,1,0,1,0,0,0,0,0,0,1,0,0,2,0,0,0,2,1,0,0
행운동,9,230.0,3.91,0,1,0,0,0,0,3,0,0,0,0,0,0,1,0,3,0,0,0,1,0,0,0,0,0,0
시흥3동,3,77.0,3.9,0,0,0,0,0,0,1,0,0,0,0,0,0,0,0,2,0,0,0,0,0,0,0,0,0,0
성북동,7,180.0,3.89,0,0,0,1,0,0,3,0,0,0,0,0,0,0,0,3,0,0,0,0,0,0,0,0,0,0
화곡1동,15,387.0,3.88,0,2,0,0,0,0,4,0,0,0,1,1,0,0,0,3,1,0,0,0,0,0,3,0,0,0
금호4가동,3,78.0,3.85,0,1,0,0,0,0,1,0,0,0,1,0,0,0,0,0,0,0,0,0,0,0,0,0,0,0
이태원1동,8,208.0,3.85,0,0,1,1,0,1,2,0,0,0,1,0,0,0,0,1,0,0,0,0,0,0,0,0,1,0
신정4동,16,417.0,3.84,0,0,0,0,0,0,2,0,0,0,0,1,1,0,0,6,0,0,1,1,0,1,2,1,0,0
구로4동,8,209.0,3.83,0,0,0,0,0,1,2,0,0,0,1,0,0,1,0,1,1,0,0,0,0,0,1,0,0,0
잠실6동,16,420.0,3.81,0,1,0,0,0,2,3,0,0,0,2,1,0,0,0,2,0,0,0,1,0,0,3,1,0,0
사당4동,3,79.0,3.8,0,0,0,0,0,1,0,0,0,0,0,1,0,1,0,0,0,0,0,0,0,0,0,0,0,0
구의2동,6,159.0,3.77,0,0,0,0,0,0,1,0,0,0,0,0,0,0,0,1,0,0,0,0,0,0,3,0,0,1
역삼1동,76,2015.0,3.77,0,3,1,3,0,10,18,1,0,0,5,2,1,3,2,15,1,1,1,1,0,0,3,3,2,0
오륜동,4,106.0,3.77,0,1,0,0,0,1,1,0,0,0,0,0,0,0,0,1,0,0,0,0,0,0,0,0,0,0
반포3동,5,133.0,3.76,0,1,1,0,0,0,1,0,0,0,1,0,0,0,0,0,0,0,0,0,0,0,1,0,0,0
반포1동,11,295.0,3.73,0,0,0,0,0,2,4,0,0,0,2,1,0,0,0,1,0,0,0,0,0,0,0,0,1,0
삼성2동,20,537.0,3.72,0,0,0,0,1,5,5,1,0,0,0,2,0,0,0,2,1,0,0,1,0,0,1,1,0,0
화양동,21,568.0,3.7,0,0,0,0,0,5,6,1,0,0,2,0,0,0,1,3,0,0,1,0,0,1,1,0,0,0
도봉2동,8,217.0,3.69,0,1,0,0,0,0,2,0,0,0,0,0,0,0,2,1,0,1,0,1,0,0,0,0,0,0
중곡4동,6,163.0,3.68,0,0,0,0,0,1,3,0,1,0,0,0,0,0,0,0,0,0,0,1,0,0,0,0,0,0
창신1동,6,163.0,3.68,0,1,0,0,0,0,1,0,0,0,0,1,0,1,0,0,0,0,0,1,0,0,1,0,0,0
홍은2동,7,191.0,3.66,0,0,0,1,0,0,3,0,0,0,1,0,0,0,0,0,0,0,1,0,0,0,1,0,0,0
대치2동,24,656.0,3.66,0,0,0,0,1,3,6,3,1,0,0,0,2,0,0,2,0,0,0,1,0,0,2,0,1,2
방배본동,13,356.0,3.65,0,0,0,1,1,1,3,0,0,0,0,0,0,0,0,2,1,0,0,2,0,0,1,0,1,0
창1동,4,110.0,3.64,0,0,0,0,0,0,1,0,0,0,1,0,0,0,0,1,0,0,0,0,0,0,1,0,0,0
논현1동,25,686.0,3.64,1,0,0,3,0,3,7,1,0,0,0,1,0,0,0,4,1,1,1,0,0,0,1,1,0,0
신촌동,47,1302.0,3.61,0,2,0,2,0,3,9,1,0,2,5,0,1,1,2,8,2,1,1,1,0,0,3,3,0,0
중곡1동,7,197.0,3.55,0,0,1,0,0,0,0,0,0,0,0,1,0,0,1,0,0,0,0,2,0,1,0,1,0,0
가락2동,8,226.0,3.54,0,0,0,0,0,0,2,0,0,0,1,0,0,0,1,0,0,0,0,2,0,0,1,1,0,0
효창동,2,57.0,3.51,0,0,0,0,0,0,0,0,0,0,0,0,0,0,0,1,0,0,0,0,0,0,1,0,0,0
사직동,21,599.0,3.51,0,0,0,0,1,2,4,0,1,0,3,0,0,1,0,4,1,0,0,1,1,1,1,0,0,0
월계3동,3,86.0,3.49,0,0,0,0,0,0,1,0,0,0,0,0,0,1,0,0,0,0,0,1,0,0,0,0,0,0
양재2동,23,661.0,3.48,0,0,1,0,0,4,4,0,0,0,2,1,0,0,0,6,0,0,1,0,1,0,2,1,0,0
인수동,5,144.0,3.47,0,0,0,0,0,0,1,0,0,0,1,0,0,0,0,2,0,0,0,1,0,0,0,0,0,0
길음2동,11,319.0,3.45,0,0,2,0,0,1,3,0,0,0,1,1,0,0,0,2,0,0,0,0,0,0,1,0,0,0
불광2동,3,87.0,3.45,0,0,0,0,0,1,0,0,0,0,0,0,0,0,0,2,0,0,0,0,0,0,0,0,0,0
잠원동,11,320.0,3.44,0,1,0,0,1,1,1,0,0,0,2,0,0,0,0,3,0,0,0,0,0,0,1,0,1,0
문정1동,5,146.0,3.42,0,0,0,1,0,0,0,0,0,0,0,0,0,0,1,1,0,0,1,0,0,0,0,1,0,0
신월1동,5,146.0,3.42,0,0,0,0,0,0,1,0,0,0,0,1,0,0,0,1,0,0,0,1,0,0,1,0,0,0
방배2동,9,263.0,3.42,0,0,0,0,0,1,2,0,0,0,1,0,0,1,0,1,0,0,1,1,0,0,1,0,0,0
도곡1동,7,205.0,3.41,0,0,0,0,0,0,2,0,0,0,0,0,0,0,1,1,0,0,1,0,0,0,1,1,0,0
청구동,2,59.0,3.39,0,0,0,0,0,0,1,0,0,0,0,0,0,0,0,0,1,0,0,0,0,0,0,0,0,0
신월2동,3,90.0,3.33,0,0,0,0,0,0,1,0,0,0,0,0,0,0,0,0,0,1,0,0,0,0,1,0,0,0
조원동,7,213.0,3.29,0,1,0,0,0,1,2,0,0,0,1,0,0,0,0,1,0,0,0,0,0,0,1,0,0,0
번1동,7,215.0,3.26,0,1,0,0,0,0,2,0,0,0,1,0,0,0,0,0,0,0,0,0,0,0,2,1,0,0
충현동,9,276.0,3.26,0,0,0,0,0,3,2,0,0,0,0,0,0,0,0,1,1,0,0,0,0,0,1,0,1,0
광희동,20,617.0,3.24,1,0,0,0,0,4,2,0,0,0,3,1,0,0,0,4,1,0,1,0,0,0,3,0,0,0
금호1가동,2,62.0,3.23,0,0,0,0,0,0,1,0,0,0,0,0,0,0,0,1,0,0,0,0,0,0,0,0,0,0
거여1동,2,62.0,3.23,0,0,0,1,0,0,0,0,0,0,0,0,0,0,0,1,0,0,0,0,0,0,0,0,0,0
신길3동,3,93.0,3.23,0,0,0,0,0,0,0,0,0,0,0,0,0,0,1,1,1,0,0,0,0,0,0,0,0,0
가회동,6,188.0,3.19,0,0,0,0,0,1,2,0,0,0,0,0,0,1,0,0,0,0,0,0,0,0,1,1,0,0
상도3동,4,126.0,3.17,0,1,1,0,0,0,0,0,0,0,1,0,0,0,0,0,0,0,0,0,0,0,1,0,0,0
망원1동,11,348.0,3.16,0,1,0,0,0,1,3,0,0,0,1,0,0,0,1,0,1,0,0,0,1,1,1,0,0,0
염리동,4,127.0,3.15,0,1,0,0,0,0,2,0,0,0,0,0,0,0,0,0,0,0,0,0,0,0,1,0,0,0
을지로동,16,511.0,3.13,0,1,0,0,2,3,2,1,0,0,0,0,0,1,0,1,0,0,0,2,0,0,1,1,1,0
종로1·2·3·4가동,48,1538.0,3.12,0,1,3,1,0,4,11,1,0,1,4,0,0,0,0,12,1,1,0,3,1,0,3,1,0,0
신사2동,2,65.0,3.08,0,0,0,0,0,0,1,0,0,0,0,0,0,0,1,0,0,0,0,0,0,0,0,0,0,0
명동,43,1394.0,3.08,0,2,1,0,2,5,10,1,0,1,0,0,0,0,1,11,2,0,0,1,0,0,4,0,2,0
옥수동,4,130.0,3.08,0,0,0,0,0,0,1,0,0,0,0,0,0,0,0,1,1,0,0,0,0,0,0,0,1,0
오금동,8,262.0,3.05,0,0,0,0,0,1,4,0,0,0,0,0,0,0,0,1,0,0,0,0,0,0,2,0,0,0
홍제1동,5,164.0,3.05,1,0,0,0,0,0,1,0,0,0,0,0,0,0,0,2,0,1,0,0,0,0,0,0,0,0
장위2동,5,165.0,3.03,0,1,0,0,0,0,1,0,0,0,2,0,0,0,0,1,0,0,0,0,0,0,0,0,0,0
서강동,15,496.0,3.02,0,0,0,0,0,0,4,0,0,0,0,1,0,0,0,4,1,2,0,0,0,2,0,0,1,0
수유1동,4,133.0,3.01,0,0,0,0,0,0,3,0,0,0,0,0,0,0,0,1,0,0,0,0,0,0,0,0,0,0
중림동,8,266.0,3.01,0,0,0,0,0,2,4,0,0,0,0,0,0,0,0,1,0,0,0,1,0,0,0,0,0,0
사당2동,10,332.0,3.01,1,0,2,0,0,0,1,0,0,0,1,0,0,0,0,2,0,0,0,0,0,0,2,1,0,0
용산2가동,4,134.0,2.99,0,0,0,0,1,0,1,0,0,0,1,0,0,0,0,0,0,0,0,0,0,0,1,0,0,0
청량리동,5,168.0,2.98,0,0,1,0,0,0,1,0,0,0,1,0,0,0,0,1,0,0,0,1,0,0,0,0,0,0
자양4동,9,308.0,2.92,1,0,0,1,0,0,2,0,0,0,1,0,0,1,0,2,0,0,0,0,0,0,1,0,0,0
답십리2동,8,274.0,2.92,0,1,0,1,0,2,1,0,0,0,0,0,0,0,0,1,0,0,0,1,0,0,1,0,0,0
보문동,4,137.0,2.92,0,0,0,0,0,0,2,0,0,0,0,0,0,1,0,1,0,0,0,0,0,0,0,0,0,0
번2동,1,35.0,2.86,0,0,0,0,0,0,1,0,0,0,0,0,0,0,0,0,0,0,0,0,0,0,0,0,0,0
돈암1동,1,35.0,2.86,0,0,0,0,0,0,0,0,0,0,0,0,0,0,0,0,0,0,0,0,0,0,0,1,0,0
일원1동,4,140.0,2.86,0,0,0,0,0,0,1,0,0,0,1,0,0,0,0,0,0,0,0,1,0,0,1,0,0,0
방학2동,3,105.0,2.86,0,1,0,0,0,0,1,0,0,0,0,0,0,0,0,0,0,0,0,0,0,0,1,0,0,0
독산3동,5,175.0,2.86,0,0,1,0,0,0,3,0,0,0,0,0,0,0,0,1,0,0,0,0,0,0,0,0,0,0
이촌1동,3,106.0,2.83,0,0,0,0,0,0,1,0,0,0,0,0,0,0,0,2,0,0,0,0,0,0,0,0,0,0
망우3동,2,72.0,2.78,0,0,0,0,0,0,0,0,0,0,0,0,0,0,1,1,0,0,0,0,0,0,0,0,0,0
마장동,3,109.0,2.75,0,0,0,0,0,0,1,0,0,0,0,0,0,0,0,1,0,0,0,0,0,0,0,0,1,0
반포2동,2,73.0,2.74,0,0,0,0,0,0,1,0,0,0,0,0,0,0,0,0,0,0,0,1,0,0,0,0,0,0
제기동,7,256.0,2.73,0,0,0,0,0,0,3,0,0,0,0,0,2,0,0,0,0,1,0,0,0,0,1,0,0,0
광장동,6,223.0,2.69,0,0,1,0,0,1,1,0,0,0,0,0,0,0,0,1,0,0,0,0,0,0,2,0,0,0
삼선동,8,299.0,2.68,0,0,0,0,0,1,2,0,0,0,1,0,0,0,0,1,0,0,0,1,0,0,1,0,0,1
사당1동,7,261.0,2.68,0,0,0,0,0,0,2,0,0,0,0,0,0,0,0,3,0,0,0,1,0,0,1,0,0,0
화곡2동,2,76.0,2.63,0,0,0,0,0,0,2,0,0,0,0,0,0,0,0,0,0,0,0,0,0,0,0,0,0,0
보광동,2,76.0,2.63,0,0,0,0,0,0,0,0,0,0,1,0,0,0,0,0,0,0,0,1,0,0,0,0,0,0
회기동,8,308.0,2.6,0,0,0,1,0,0,2,0,0,0,0,0,0,0,1,3,0,0,0,0,0,0,1,0,0,0
송파1동,9,355.0,2.54,1,0,1,0,0,0,3,0,0,0,1,0,0,0,1,0,0,0,0,1,0,0,1,0,0,0
왕십리2동,2,79.0,2.53,0,0,0,0,0,0,1,0,0,0,0,0,0,0,0,1,0,0,0,0,0,0,0,0,0,0
성수2가1동,7,278.0,2.52,0,0,0,0,0,2,1,0,0,0,0,0,0,0,0,1,0,0,0,1,0,0,2,0,0,0
신길4동,1,40.0,2.5,0,0,0,0,0,0,1,0,0,0,0,0,0,0,0,0,0,0,0,0,0,0,0,0,0,0
대치1동,8,326.0,2.45,0,0,1,0,0,0,3,0,0,0,0,0,0,0,0,3,0,0,0,0,0,0,1,0,0,0
소공동,21,865.0,2.43,0,0,0,0,1,4,4,1,0,0,0,1,0,0,1,4,0,1,0,0,1,0,2,1,0,0
삼성1동,47,1956.0,2.4,1,1,1,1,2,7,8,1,1,2,2,1,0,0,2,6,1,0,0,2,1,0,1,3,3,0
회현동,22,921.0,2.39,0,2,0,0,0,4,4,0,1,0,1,1,0,0,1,5,0,1,0,0,0,0,2,0,0,0
후암동,3,128.0,2.34,0,0,0,0,0,0,1,0,0,0,0,0,0,0,0,1,0,0,0,0,0,0,1,0,0,0
장충동,3,129.0,2.33,0,0,0,0,0,1,0,0,0,0,0,0,0,1,0,0,0,0,0,0,0,0,1,0,0,0
가리봉동,3,134.0,2.24,0,0,0,0,0,0,1,0,0,0,0,0,0,1,0,1,0,0,0,0,0,0,0,0,0,0
평창동,3,135.0,2.22,0,0,0,0,0,0,2,0,0,0,1,0,0,0,0,0,0,0,0,0,0,0,0,0,0,0
다산동,3,136.0,2.21,0,0,0,0,0,0,0,0,0,0,1,0,0,0,0,1,0,0,0,0,0,0,1,0,0,0
개포4동,8,367.0,2.18,0,0,1,1,0,0,2,0,0,0,0,1,0,0,0,0,0,0,0,1,0,0,2,0,0,0
풍납2동,3,140.0,2.14,0,0,0,0,0,0,1,0,0,0,0,0,0,0,0,0,0,0,0,1,0,0,1,0,0,0
중화1동,2,96.0,2.08,0,1,0,0,0,0,1,0,0,0,0,0,0,0,0,0,0,0,0,0,0,0,0,0,0,0
서교동,55,2645.0,2.08,0,0,1,2,1,5,12,1,1,1,3,0,0,1,1,8,3,2,0,1,2,1,5,1,3,0
방배4동,7,341.0,2.05,0,0,0,1,1,1,2,0,0,0,1,0,0,0,0,0,0,0,0,0,0,0,1,0,0,0
청담동,13,636.0,2.04,0,0,2,1,0,1,2,1,0,0,0,0,0,2,0,4,0,0,0,0,0,0,0,0,0,0
한남동,9,454.0,1.98,0,0,1,1,0,0,1,0,0,0,0,0,0,0,0,3,0,0,0,0,0,0,1,1,1,0
합정동,9,483.0,1.86,0,1,0,1,0,0,5,0,0,0,0,0,0,0,0,1,0,0,0,0,0,0,1,0,0,0
반포4동,17,1007.0,1.69,0,0,0,0,0,0,2,0,0,0,4,0,0,0,1,5,1,0,0,1,0,0,2,1,0,0
청림동,1,60.0,1.67,0,0,0,0,0,0,0,0,0,0,0,0,0,0,0,0,0,0,0,0,0,0,0,0,1,0
갈현2동,4,240.0,1.67,0,0,0,0,0,0,1,0,0,0,0,0,0,0,0,1,0,0,0,0,0,0,2,0,0,0
부암동,2,121.0,1.65,0,0,0,0,0,0,1,0,0,0,0,0,0,0,0,1,0,0,0,0,0,0,0,0,0,0
송정동,1,71.0,1.41,0,0,0,0,0,0,1,0,0,0,0,0,0,0,0,0,0,0,0,0,0,0,0,0,0,0
방배3동,2,143.0,1.4,0,0,0,0,0,0,1,0,0,0,0,0,0,0,0,1,0,0,0,0,0,0,0,0,0,0
신수동,2,144.0,1.39,0,0,0,0,0,0,1,0,0,0,0,0,0,0,0,0,0,0,0,0,0,0,1,0,0,0
압구정동,17,1245.0,1.37,0,1,0,0,1,1,4,1,0,0,1,0,0,0,0,2,2,0,0,0,0,0,3,0,0,1
연희동,7,519.0,1.35,0,0,0,0,0,0,2,0,0,0,1,0,0,0,0,3,0,0,0,0,0,0,1,0,0,0
성현동,1,80.0,1.25,0,0,0,0,0,0,1,0,0,0,0,0,0,0,0,0,0,0,0,0,0,0,0,0,0,0
신사동,17,1469.0,1.16,0,0,1,1,0,0,6,0,0,0,1,0,0,0,0,3,1,1,0,0,0,1,2,0,0,0
반포본동,1,106.0,0.94,0,0,0,0,0,0,0,0,0,0,0,0,0,0,0,1,0,0,0,0,0,0,0,0,0,0
삼청동,2,270.0,0.74,0,0,0,0,0,0,0,0,0,0,0,0,0,0,0,1,0,0,0,0,0,0,0,0,1,0
연남동,4,582.0,0.69,1,0,0,0,0,0,1,0,0,0,1,0,0,0,0,0,0,0,0,0,0,0,1,0,0,0
잠실3동,3,439.0,0.68,0,0,1,1,0,0,1,0,0,0,0,0,0,0,0,0,0,0,0,0,0,0,0,0,0,0
이태원2동,1,170.0,0.59,0,0,0,0,0,0,0,0,0,0,1,0,0,0,0,0,0,0,0,0,0,0,0,0,0,0
